{
  "project_info": {
    "project_number": "132846467567",
    "project_id": "pruebabd-5cc44",
    "storage_bucket": "pruebabd-5cc44.appspot.com"
  },
  "client": [
    {
      "client_info": {
        "mobilesdk_app_id": "1:132846467567:android:d269f2fc7828bf6f845e1a",
        "android_client_info": {
          "package_name": "com.example.basedatosfbase"
        }
      },
      "oauth_client": [
        {
          "client_id": "132846467567-27iuu7c226g1s7rjbmu9fgafgrp8fthv.apps.googleusercontent.com",
          "client_type": 1,
          "android_info": {
            "package_name": "com.example.basedatosfbase",
            "certificate_hash": "7758b8d5f80201eee5decf555c002cc57b8c7a9d"
          }
        },
        {
          "client_id": "132846467567-9fk6t97sng8ifcgqgn2b67qv3liov2p8.apps.googleusercontent.com",
          "client_type": 3
        }
      ],
      "api_key": [
        {
          "current_key": "AIzaSyDuAmFmY5VFNctAI15-7plGViIhTQNTmIQ"
        }
      ],
      "services": {
        "appinvite_service": {
          "other_platform_oauth_client": [
            {
              "client_id": "132846467567-9fk6t97sng8ifcgqgn2b67qv3liov2p8.apps.googleusercontent.com",
              "client_type": 3
            }
          ]
        }
      }
    }
  ],
  "configuration_version": "1"
}